Date,Weekday,Alojzy,Eugeniusz,Eugeniusz,Ignacy,Ignacy,Ignacy,Pafnucy,Pafnucy,Pafnucy,Pafnucy,Romuald,Romuald,Romuald,Romuald,Romuald
,,p1,p5,p6,p13,p14,p15,p20,p21,p22,p23,p30,p31,p32,p33,p34
2024-12-16,Mon,8,8,8,8,8,8,8,8,8,8,4,4,8,8,8
2024-12-17,Tue,8,8,8,8,8,8,8,8,8,8,4,4,8,8,8
2024-12-18,Wed,8,8,8,8,8,8,8,8,8,8,4,4,8,8,8
2024-12-19,Thu,8,8,8,8,8,8,8,8,8,8,4,4,8,8,8
2024-12-20,Fri,8,8,8,8,8,8,8,8,8,8,4,4,8,8,8
2024-12-21,Sat,0,0,0,0,0,0,0,0,0,0,0,0,0,0,0
2024-12-22,Sun,0,0,0,0,0,0,0,0,0,0,0,0,0,0,0
2024-12-23,Mon,8,8,8,8,8,8,8,8,8,8,4,4,8,8,8
2024-12-24,Tue,8,8,8,8,8,8,8,8,8,8,4,4,8,8,8
2024-12-25,Wed,0,0,0,0,0,0,0,0,0,0,0,0,0,0,0
2024-12-26,Thu,8,8,8,8,8,8,8,8,8,8,4,4,8,8,8
2024-12-27,Fri,8,8,8,8,8,8,8,8,8,8,4,4,8,8,8
2024-12-28,Sat,0,0,0,0,0,0,0,0,0,0,0,0,0,0,0
2024-12-29,Sun,0,0,0,0,0,0,0,0,0,0,0,0,0,0,0
2024-12-30,Mon,8,8,8,8,8,8,8,8,8,8,4,4,8,8,8
2024-12-31,Tue,8,8,8,8,8,8,8,8,8,8,4,4,8,8,8
2025-01-01,Wed,8,8,8,8,8,8,8,8,8,8,4,4,8,8,8
2025-01-02,Thu,8,8,8,8,8,8,8,8,8,8,4,4,8,8,8
2025-01-03,Fri,8,8,8,8,8,8,8,8,8,8,4,4,8,8,8
2025-01-04,Sat,0,0,0,0,0,0,0,0,0,0,0,0,0,0,0
2025-01-05,Sun,0,0,0,0,0,0,0,0,0,0,0,0,0,0,0
2025-01-06,Mon,8,8,8,8,8,8,8,8,8,8,4,4,8,8,8
2025-01-07,Tue,8,8,8,8,8,8,8,8,8,8,4,4,8,8,8
2025-01-08,Wed,8,8,8,8,8,8,8,8,8,8,4,4,8,8,8
2025-01-09,Thu,8,8,8,8,8,8,8,8,8,8,4,4,8,8,8
2025-01-10,Fri,8,8,8,8,8,8,8,8,8,8,4,4,8,8,8
2025-01-11,Sat,0,0,0,0,0,0,0,0,0,0,0,0,0,0,0
2025-01-12,Sun,0,0,0,0,0,0,0,0,0,0,0,0,0,0,0
2025-01-13,Mon,8,8,8,8,8,8,8,8,8,8,4,4,8,8,8
2025-01-14,Tue,8,8,8,8,8,8,8,8,8,8,4,4,8,8,8
2025-01-15,Wed,8,8,8,8,8,8,8,8,8,8,4,4,8,8,8
2025-01-16,Thu,8,8,8,8,8,8,8,8,8,8,4,4,8,8,8
2025-01-17,Fri,32,32,0,32,0,0,0,0,0,32,32,0,0,0,0
2025-01-18,Sat,0,0,0,0,0,0,0,0,0,0,0,0,0,0,0
2025-01-19,Sun,0,0,0,0,0,0,0,0,0,0,0,0,0,0,0
2025-01-20,Mon,32,32,0,16,0,16,0,0,0,32,32,0,0,0,0
2025-01-21,Tue,32,32,0,32,0,0,0,0,0,32,4,28,0,0,0
2025-01-22,Wed,32,32,0,24,8,0,0,0,0,32,0,32,0,0,0
2025-01-23,Thu,32,32,0,32,0,0,0,0,0,32,32,0,0,0,0
2025-01-24,Fri,32,32,0,32,0,0,0,0,0,32,32,0,0,0,0
2025-01-25,Sat,0,0,0,0,0,0,0,0,0,0,0,0,0,0,0
2025-01-26,Sun,0,0,0,0,0,0,0,0,0,0,0,0,0,0,0
2025-01-27,Mon,32,32,0,32,0,0,0,0,0,32,32,0,0,0,0
2025-01-28,Tue,32,32,0,32,0,0,0,0,0,32,32,0,0,0,0
2025-01-29,Wed,32,32,0,32,0,0,0,0,0,32,32,0,0,0,0
2025-01-30,Thu,32,32,0,32,0,0,0,0,0,32,32,0,0,0,0
2025-01-31,Fri,32,8,24,32,0,0,0,0,0,32,0,32,0,0,0
2025-02-01,Sat,0,0,0,0,0,0,0,0,0,0,0,0,0,0,0
2025-02-02,Sun,0,0,0,0,0,0,0,0,0,0,0,0,0,0,0
2025-02-03,Mon,32,0,32,32,0,0,8,0,0,24,32,0,0,0,0
2025-02-04,Tue,32,0,32,0,0,32,32,0,0,0,32,0,0,0,0
2025-02-05,Wed,32,0,32,0,0,32,32,0,0,0,32,0,0,0,0
2025-02-06,Thu,32,0,32,0,0,32,32,0,0,0,32,0,0,0,0
2025-02-07,Fri,32,0,32,0,0,32,32,0,0,0,32,0,0,0,0
2025-02-08,Sat,0,0,0,0,0,0,0,0,0,0,0,0,0,0,0
2025-02-09,Sun,0,0,0,0,0,0,0,0,0,0,0,0,0,0,0
2025-02-10,Mon,32,0,32,0,0,32,32,0,0,0,32,0,0,0,0
2025-02-11,Tue,32,0,32,0,0,32,32,0,0,0,0,0,32,0,0
2025-02-12,Wed,32,0,32,0,0,32,32,0,0,0,32,0,0,0,0
2025-02-13,Thu,32,32,0,32,0,0,32,0,0,0,0,0,32,0,0
2025-02-14,Fri,32,0,32,0,0,32,32,0,0,0,32,0,0,0,0
2025-02-15,Sat,0,0,0,0,0,0,0,0,0,0,0,0,0,0,0
2025-02-16,Sun,0,0,0,0,0,0,0,0,0,0,0,0,0,0,0
2025-02-17,Mon,32,0,32,32,0,0,32,0,0,0,32,0,0,0,0
2025-02-18,Tue,32,0,32,0,0,32,32,0,0,0,32,0,0,0,0
2025-02-19,Wed,32,32,0,0,0,32,32,0,0,0,32,0,0,0,0
2025-02-20,Thu,32,32,0,0,0,32,32,0,0,0,0,32,0,0,0
2025-02-21,Fri,32,32,0,32,0,0,32,0,0,0,32,0,0,0,0
2025-02-22,Sat,0,0,0,0,0,0,0,0,0,0,0,0,0,0,0
2025-02-23,Sun,0,0,0,0,0,0,0,0,0,0,0,0,0,0,0
2025-02-24,Mon,32,32,0,32,0,0,32,0,0,0,0,32,0,0,0
2025-02-25,Tue,32,32,0,32,0,0,32,0,0,0,0,32,0,0,0
2025-02-26,Wed,32,32,0,32,0,0,32,0,0,0,0,32,0,0,0
2025-02-27,Thu,32,32,0,32,0,0,32,0,0,0,32,0,0,0,0
2025-02-28,Fri,32,32,0,32,0,0,32,0,0,0,32,0,0,0,0
2025-03-01,Sat,0,0,0,0,0,0,0,0,0,0,0,0,0,0,0
2025-03-02,Sun,0,0,0,0,0,0,0,0,0,0,0,0,0,0,0
2025-03-03,Mon,32,0,32,0,32,0,0,0,0,32,0,32,0,0,0
2025-03-04,Tue,32,0,32,0,32,0,0,0,0,32,0,32,0,0,0
2025-03-05,Wed,32,0,32,0,32,0,0,0,0,32,0,0,32,0,0
2025-03-06,Thu,32,0,32,0,32,0,0,8,0,24,0,32,0,0,0
2025-03-07,Fri,32,0,32,0,32,0,0,32,0,0,0,32,0,0,0
2025-03-08,Sat,0,0,0,0,0,0,0,0,0,0,0,0,0,0,0
2025-03-09,Sun,0,0,0,0,0,0,0,0,0,0,0,0,0,0,0
2025-03-10,Mon,32,0,32,0,32,0,0,32,0,0,0,32,0,0,0
2025-03-11,Tue,32,0,32,0,32,0,0,32,0,0,0,32,0,0,0
2025-03-12,Wed,32,0,16,0,32,0,0,32,0,0,0,32,0,0,0
2025-03-13,Thu,32,0,0,0,32,0,0,32,0,0,0,32,0,0,0
2025-03-14,Fri,32,0,0,0,32,0,0,32,0,0,0,32,0,0,0
2025-03-15,Sat,0,0,0,0,0,0,0,0,0,0,0,0,0,0,0
2025-03-16,Sun,0,0,0,0,0,0,0,0,0,0,0,0,0,0,0
2025-03-17,Mon,32,0,0,0,32,0,0,32,0,0,0,32,0,0,0
2025-03-18,Tue,32,0,0,0,32,0,0,32,0,0,0,0,32,0,0
2025-03-19,Wed,32,0,0,0,32,0,0,32,0,0,0,0,32,0,0
2025-03-20,Thu,8,0,0,0,32,0,0,32,0,0,0,0,32,0,0
2025-03-21,Fri,0,0,0,0,32,0,0,32,0,0,0,0,32,0,0
2025-03-22,Sat,0,0,0,0,0,0,0,0,0,0,0,0,0,0,0
2025-03-23,Sun,0,0,0,0,0,0,0,0,0,0,0,0,0,0,0
2025-03-24,Mon,0,0,0,0,32,0,0,32,0,0,0,0,32,0,0
2025-03-25,Tue,0,0,0,0,32,0,0,32,0,0,0,0,32,0,0
2025-03-26,Wed,0,0,0,0,0,32,0,32,0,0,0,32,0,0,0
2025-03-27,Thu,0,0,0,0,0,32,0,32,0,0,0,32,0,0,0
2025-03-28,Fri,0,0,0,0,0,32,0,32,0,0,0,32,0,0,0
2025-03-29,Sat,0,0,0,0,0,0,0,0,0,0,0,0,0,0,0
2025-03-30,Sun,0,0,0,0,0,0,0,0,0,0,0,0,0,0,0
2025-03-31,Mon,0,0,0,0,0,32,0,32,0,0,0,8,16,8,0
2025-04-01,Tue,0,0,0,0,32,0,0,32,0,0,0,32,0,0,0
2025-04-02,Wed,0,0,0,0,32,0,0,32,0,0,0,32,0,0,0
2025-04-03,Thu,0,0,0,0,0,32,0,0,0,32,0,0,32,0,0
2025-04-04,Fri,0,0,0,0,0,32,0,0,0,32,0,0,32,0,0
2025-04-05,Sat,0,0,0,0,0,0,0,0,0,0,0,0,0,0,0
2025-04-06,Sun,0,0,0,0,0,0,0,0,0,0,0,0,0,0,0
2025-04-07,Mon,0,0,0,0,0,32,0,0,8,24,0,0,32,0,0
2025-04-08,Tue,0,0,0,0,0,24,0,0,32,0,0,0,32,0,0
2025-04-09,Wed,0,0,0,0,0,0,0,0,32,0,0,0,32,0,0
2025-04-10,Thu,0,0,0,0,0,0,0,0,32,0,0,0,32,0,0
2025-04-11,Fri,0,0,0,0,0,0,0,0,32,0,0,0,32,0,0
2025-04-12,Sat,0,0,0,0,0,0,0,0,0,0,0,0,0,0,0
2025-04-13,Sun,0,0,0,0,0,0,0,0,0,0,0,0,0,0,0
2025-04-14,Mon,0,0,0,0,0,0,0,0,32,0,0,0,32,0,0
2025-04-15,Tue,0,0,0,0,0,0,0,0,32,0,0,0,24,0,8
2025-04-16,Wed,0,0,0,0,0,0,0,0,32,0,0,0,0,0,32
2025-04-17,Thu,0,0,0,0,0,0,0,0,32,0,0,0,0,0,32
2025-04-18,Fri,0,0,0,0,0,0,0,0,32,0,0,0,0,0,32
2025-04-19,Sat,0,0,0,0,0,0,0,0,0,0,0,0,0,0,0
2025-04-20,Sun,0,0,0,0,0,0,0,0,0,0,0,0,0,0,0
2025-04-21,Mon,0,0,0,0,0,0,0,0,32,0,0,0,0,0,32
2025-04-22,Tue,0,0,0,0,0,0,0,0,32,0,0,0,0,0,32
2025-04-23,Wed,0,0,0,0,0,0,0,0,32,0,0,0,32,0,0
2025-04-24,Thu,0,0,0,0,0,0,0,0,32,0,0,0,0,0,32
2025-04-25,Fri,0,0,0,0,0,0,0,0,32,0,0,0,0,0,32
2025-04-26,Sat,0,0,0,0,0,0,0,0,0,0,0,0,0,0,0
2025-04-27,Sun,0,0,0,0,0,0,0,0,0,0,0,0,0,0,0
2025-04-28,Mon,0,0,0,0,0,0,0,0,32,0,0,0,0,0,32
2025-04-29,Tue,0,0,0,0,0,0,0,0,32,0,0,0,0,0,32
2025-04-30,Wed,0,0,0,0,0,0,0,0,32,0,0,0,0,0,32
2025-05-01,Thu,0,0,0,0,0,0,0,0,32,0,0,0,0,0,32
2025-05-02,Fri,0,0,0,0,0,0,0,0,32,0,0,0,0,0,32
2025-05-03,Sat,0,0,0,0,0,0,0,0,0,0,0,0,0,0,0
2025-05-04,Sun,0,0,0,0,0,0,0,0,0,0,0,0,0,0,0
2025-05-05,Mon,0,0,0,0,0,0,0,0,0,32,0,0,0,32,0
2025-05-06,Tue,0,0,0,0,0,0,0,0,0,0,0,0,0,32,0
2025-05-07,Wed,0,0,0,0,0,0,0,0,0,0,0,0,0,32,0
2025-05-08,Thu,0,0,0,0,0,0,0,0,0,0,0,0,0,32,0
2025-05-09,Fri,0,0,0,0,0,0,0,0,0,0,0,0,0,32,0
2025-05-10,Sat,0,0,0,0,0,0,0,0,0,0,0,0,0,0,0
2025-05-11,Sun,0,0,0,0,0,0,0,0,0,0,0,0,0,0,0
2025-05-12,Mon,0,0,0,0,0,0,0,0,0,0,0,0,0,32,0
2025-05-13,Tue,0,0,0,0,0,0,0,0,0,0,0,0,0,32,0
2025-05-14,Wed,0,0,0,0,0,0,0,0,0,0,0,0,0,32,0
2025-05-15,Thu,0,0,0,0,0,0,0,0,0,0,0,0,0,32,0
2025-05-16,Fri,0,0,0,0,0,0,0,0,0,0,0,0,0,32,0
2025-05-17,Sat,0,0,0,0,0,0,0,0,0,0,0,0,0,0,0
2025-05-18,Sun,0,0,0,0,0,0,0,0,0,0,0,0,0,0,0
2025-05-19,Mon,0,0,0,0,0,0,0,0,0,0,0,0,0,32,0
2025-05-20,Tue,0,0,0,0,0,0,0,0,0,0,0,0,0,0,32
2025-05-21,Wed,0,0,0,0,0,0,0,0,0,0,0,0,0,32,0
2025-05-22,Thu,0,0,0,0,0,0,0,0,0,0,0,0,0,32,0
2025-05-23,Fri,0,0,0,0,0,0,0,0,0,0,0,0,0,32,0
2025-05-24,Sat,0,0,0,0,0,0,0,0,0,0,0,0,0,0,0
2025-05-25,Sun,0,0,0,0,0,0,0,0,0,0,0,0,0,0,0
2025-05-26,Mon,0,0,0,0,0,0,0,0,0,0,0,0,0,0,32
2025-05-27,Tue,0,0,0,0,0,0,0,0,0,0,0,0,0,32,0
2025-05-28,Wed,0,0,0,0,0,0,0,0,0,0,0,0,0,32,0
2025-05-29,Thu,0,0,0,0,0,0,0,0,0,0,0,0,0,32,0
2025-05-30,Fri,0,0,0,0,0,0,0,0,0,0,0,0,0,32,0
2025-05-31,Sat,0,0,0,0,0,0,0,0,0,0,0,0,0,0,0
2025-06-01,Sun,0,0,0,0,0,0,0,0,0,0,0,0,0,0,0
2025-06-02,Mon,0,0,0,0,0,0,0,0,0,0,0,0,0,32,0
2025-06-03,Tue,0,0,0,0,0,0,0,0,0,0,0,0,0,0,32
2025-06-04,Wed,0,0,0,0,0,0,0,0,0,0,0,0,0,0,32
2025-06-05,Thu,0,0,0,0,0,0,0,0,0,0,0,0,0,0,32
2025-06-06,Fri,0,0,0,0,0,0,0,0,0,0,0,0,0,0,32
2025-06-07,Sat,0,0,0,0,0,0,0,0,0,0,0,0,0,0,0
2025-06-08,Sun,0,0,0,0,0,0,0,0,0,0,0,0,0,0,0
2025-06-09,Mon,0,0,0,0,0,0,0,0,0,0,0,0,0,0,32
2025-06-10,Tue,0,0,0,0,0,0,0,0,0,0,0,0,0,0,0
2025-06-11,Wed,0,0,0,0,0,0,0,0,0,0,0,0,0,0,0
2025-06-12,Thu,0,0,0,0,0,0,0,0,0,0,0,0,0,0,0
2025-06-13,Fri,0,0,0,0,0,0,0,0,0,0,0,0,0,0,0
2025-06-14,Sat,0,0,0,0,0,0,0,0,0,0,0,0,0,0,0
2025-06-15,Sun,0,0,0,0,0,0,0,0,0,0,0,0,0,0,0
2025-06-16,Mon,0,0,0,0,0,0,0,0,0,0,0,0,0,0,0
2025-06-17,Tue,0,0,0,0,0,0,0,0,0,0,0,0,0,0,0
2025-06-18,Wed,0,0,0,0,0,0,0,0,0,0,0,0,0,0,0
2025-06-19,Thu,0,0,0,0,0,0,0,0,0,0,0,0,0,0,0
2025-06-20,Fri,0,0,0,0,0,0,0,0,0,0,0,0,0,0,0
2025-06-21,Sat,0,0,0,0,0,0,0,0,0,0,0,0,0,0,0
2025-06-22,Sun,0,0,0,0,0,0,0,0,0,0,0,0,0,0,0
2025-06-23,Mon,0,0,0,0,0,0,0,0,0,0,0,0,0,0,0
2025-06-24,Tue,0,0,0,0,0,0,0,0,0,0,0,0,0,0,0
2025-06-25,Wed,0,0,0,0,0,0,0,0,0,0,0,0,0,0,0
2025-06-26,Thu,0,0,0,0,0,0,0,0,0,0,0,0,0,0,0
2025-06-27,Fri,0,0,0,0,0,0,0,0,0,0,0,0,0,0,0
2025-06-28,Sat,0,0,0,0,0,0,0,0,0,0,0,0,0,0,0
2025-06-29,Sun,0,0,0,0,0,0,0,0,0,0,0,0,0,0,0
2025-06-30,Mon,0,0,0,0,0,0,0,0,0,0,0,0,0,0,0
2025-07-01,Tue,0,0,0,0,0,0,0,0,0,0,0,0,0,0,0
2025-07-02,Wed,0,0,0,0,0,0,0,0,0,0,0,0,0,0,0
