Date,Weekday,Radosław,Radosław,Radosław,Radosław,Radosław,Radosław,Radosław,Radosław,Radosław
,,p2.e,p2.f,p2.m,p3.e,p3.f,p3.m,p4.e,p4.f,p4.m
2024-11-21,Thu,4,0,0,0,0,0,0,0,0
2024-11-22,Fri,4,0,0,0,0,0,0,0,0
2024-11-23,Sat,0,0,0,0,0,0,0,0,0
2024-11-24,Sun,0,0,0,0,0,0,0,0,0
2024-11-25,Mon,4,0,0,0,0,0,0,0,0
2024-11-26,Tue,4,0,0,0,0,0,0,0,0
2024-11-27,Wed,4,0,0,0,0,0,0,0,0
2024-11-28,Thu,4,0,0,0,0,0,0,0,0
2024-11-29,Fri,4,0,0,0,0,0,0,0,0
2024-11-30,Sat,0,0,0,0,0,0,0,0,0
2024-12-01,Sun,0,0,0,0,0,0,0,0,0
2024-12-02,Mon,4,0,0,4,0,0,0,0,0
2024-12-03,Tue,4,0,0,4,0,0,0,0,0
2024-12-04,Wed,4,0,0,4,0,0,0,0,0
2024-12-05,Thu,0,0,12,4,0,0,0,0,0
2024-12-06,Fri,0,0,12,0,0,0,0,0,0
2024-12-07,Sat,0,0,0,0,0,0,0,0,0
2024-12-08,Sun,0,0,0,0,0,0,0,0,0
2024-12-09,Mon,0,0,12,0,0,0,0,0,0
2024-12-10,Tue,0,0,12,0,0,0,0,0,0
2024-12-11,Wed,0,0,12,0,0,0,0,0,0
2024-12-12,Thu,0,0,12,0,0,0,0,0,0
2024-12-13,Fri,0,0,12,0,0,0,0,0,0
2024-12-14,Sat,0,0,0,0,0,0,0,0,0
2024-12-15,Sun,0,0,0,0,0,0,0,0,0
2024-12-16,Mon,0,0,12,0,0,4,8,0,0
2024-12-17,Tue,0,0,12,0,0,4,8,0,0
2024-12-18,Wed,0,0,12,0,0,4,8,0,0
2024-12-19,Thu,0,0,12,0,0,4,8,0,0
2024-12-20,Fri,0,0,12,0,0,4,8,0,0
2024-12-21,Sat,0,0,0,0,0,0,0,0,0
2024-12-22,Sun,0,0,0,0,0,0,0,0,0
2024-12-23,Mon,0,0,12,0,0,4,8,0,0
2024-12-24,Tue,0,0,12,0,0,4,8,0,0
2024-12-25,Wed,0,0,0,0,0,0,0,0,0
2024-12-26,Thu,0,0,12,0,0,4,4,0,0
2024-12-27,Fri,0,0,12,0,0,4,0,0,0
2024-12-28,Sat,0,0,0,0,0,0,0,0,0
2024-12-29,Sun,0,0,0,0,0,0,0,0,0
2024-12-30,Mon,0,0,12,0,0,4,0,0,0
2024-12-31,Tue,0,0,12,0,0,4,0,0,0
2025-01-01,Wed,0,0,12,0,0,4,0,0,0
2025-01-02,Thu,0,0,12,0,0,4,0,0,0
2025-01-03,Fri,0,0,12,0,0,4,0,0,0
2025-01-04,Sat,0,0,0,0,0,0,0,0,0
2025-01-05,Sun,0,0,0,0,0,0,0,0,0
2025-01-06,Mon,0,0,12,0,0,4,0,0,12
2025-01-07,Tue,0,0,12,0,0,4,0,0,12
2025-01-08,Wed,0,0,12,0,0,4,0,0,12
2025-01-09,Thu,0,0,12,0,0,4,0,0,12
2025-01-10,Fri,0,0,12,0,0,4,0,0,12
2025-01-11,Sat,0,0,0,0,0,0,0,0,0
2025-01-12,Sun,0,0,0,0,0,0,0,0,0
2025-01-13,Mon,0,0,12,0,0,4,0,0,12
2025-01-14,Tue,0,0,12,0,0,4,0,0,12
2025-01-15,Wed,0,0,12,0,0,4,0,0,12
2025-01-16,Thu,0,0,12,0,0,4,0,0,12
2025-01-17,Fri,0,0,12,0,0,4,0,0,12
2025-01-18,Sat,0,0,0,0,0,0,0,0,0
2025-01-19,Sun,0,0,0,0,0,0,0,0,0
2025-01-20,Mon,0,0,12,0,0,4,0,0,12
2025-01-21,Tue,0,0,12,0,0,4,0,0,12
2025-01-22,Wed,0,0,12,0,0,4,0,0,12
2025-01-23,Thu,0,0,12,0,0,4,0,0,12
2025-01-24,Fri,0,0,12,0,0,4,0,0,12
2025-01-25,Sat,0,0,0,0,0,0,0,0,0
2025-01-26,Sun,0,0,0,0,0,0,0,0,0
2025-01-27,Mon,0,0,12,0,0,4,0,0,12
2025-01-28,Tue,0,0,12,0,0,4,0,0,12
2025-01-29,Wed,0,0,12,0,0,4,0,0,12
2025-01-30,Thu,0,0,12,0,0,4,0,0,12
2025-01-31,Fri,0,0,12,0,0,4,0,0,12
2025-02-01,Sat,0,0,0,0,0,0,0,0,0
2025-02-02,Sun,0,0,0,0,0,0,0,0,0
2025-02-03,Mon,0,0,12,0,0,4,0,0,12
2025-02-04,Tue,0,0,12,0,0,4,0,0,12
2025-02-05,Wed,0,0,4,0,0,4,0,0,12
2025-02-06,Thu,0,0,4,0,0,4,0,0,12
2025-02-07,Fri,0,0,4,0,0,4,0,0,12
2025-02-08,Sat,0,0,0,0,0,0,0,0,0
2025-02-09,Sun,0,0,0,0,0,0,0,0,0
2025-02-10,Mon,0,0,4,0,0,4,0,0,12
2025-02-11,Tue,0,0,4,0,0,4,0,0,12
2025-02-12,Wed,0,0,4,0,0,4,0,0,12
2025-02-13,Thu,0,0,4,0,0,4,0,0,12
2025-02-14,Fri,0,0,4,0,0,4,0,0,12
2025-02-15,Sat,0,0,0,0,0,0,0,0,0
2025-02-16,Sun,0,0,0,0,0,0,0,0,0
2025-02-17,Mon,0,0,4,0,0,4,0,0,12
2025-02-18,Tue,0,0,4,0,0,4,0,0,12
2025-02-19,Wed,0,0,4,0,0,4,0,0,12
2025-02-20,Thu,0,0,4,0,0,4,0,0,12
2025-02-21,Fri,0,0,4,0,0,4,0,0,12
2025-02-22,Sat,0,0,0,0,0,0,0,0,0
2025-02-23,Sun,0,0,0,0,0,0,0,0,0
2025-02-24,Mon,0,0,4,0,0,4,0,0,12
2025-02-25,Tue,0,0,4,0,0,4,0,0,12
2025-02-26,Wed,0,0,4,0,0,4,0,0,12
2025-02-27,Thu,0,0,4,0,0,4,0,0,12
2025-02-28,Fri,0,0,4,0,0,4,0,0,12
2025-03-01,Sat,0,0,0,0,0,0,0,0,0
2025-03-02,Sun,0,0,0,0,0,0,0,0,0
2025-03-03,Mon,0,0,4,0,0,4,0,0,12
2025-03-04,Tue,0,0,4,0,0,4,0,0,12
2025-03-05,Wed,0,0,4,0,0,4,0,0,8
2025-03-06,Thu,0,0,4,0,0,4,0,0,8
2025-03-07,Fri,0,0,4,0,0,4,0,0,8
2025-03-08,Sat,0,0,0,0,0,0,0,0,0
2025-03-09,Sun,0,0,0,0,0,0,0,0,0
2025-03-10,Mon,0,0,4,0,0,4,0,0,8
2025-03-11,Tue,0,0,4,0,0,4,0,0,8
2025-03-12,Wed,0,0,4,0,0,4,0,0,8
2025-03-13,Thu,0,0,4,0,0,4,0,0,8
2025-03-14,Fri,0,0,4,0,0,4,0,0,8
2025-03-15,Sat,0,0,0,0,0,0,0,0,0
2025-03-16,Sun,0,0,0,0,0,0,0,0,0
2025-03-17,Mon,0,0,4,0,0,4,0,0,8
2025-03-18,Tue,0,0,4,0,0,4,0,0,8
2025-03-19,Wed,0,0,4,0,0,4,0,0,8
2025-03-20,Thu,0,0,4,0,0,4,0,0,8
2025-03-21,Fri,0,0,4,0,0,4,0,0,8
2025-03-22,Sat,0,0,0,0,0,0,0,0,0
2025-03-23,Sun,0,0,0,0,0,0,0,0,0
2025-03-24,Mon,0,0,4,0,0,4,0,0,8
2025-03-25,Tue,0,0,4,0,0,4,0,0,8
2025-03-26,Wed,0,0,4,0,0,4,0,0,8
2025-03-27,Thu,0,0,4,0,0,4,0,0,8
2025-03-28,Fri,0,0,4,0,0,4,0,0,8
2025-03-29,Sat,0,0,0,0,0,0,0,0,0
2025-03-30,Sun,0,0,0,0,0,0,0,0,0
2025-03-31,Mon,0,0,4,0,0,4,0,0,8
2025-04-01,Tue,0,0,4,0,0,4,0,0,8
2025-04-02,Wed,0,0,4,0,0,4,0,0,8
2025-04-03,Thu,0,12,0,0,0,4,0,0,8
2025-04-04,Fri,0,12,0,0,0,4,0,0,8
2025-04-05,Sat,0,0,0,0,0,0,0,0,0
2025-04-06,Sun,0,0,0,0,0,0,0,0,0
2025-04-07,Mon,0,12,0,0,0,4,0,0,8
2025-04-08,Tue,0,12,0,0,0,4,0,0,8
2025-04-09,Wed,0,12,0,0,0,4,0,0,8
2025-04-10,Thu,0,12,0,0,0,4,0,0,8
2025-04-11,Fri,0,12,0,0,0,4,0,0,8
2025-04-12,Sat,0,0,0,0,0,0,0,0,0
2025-04-13,Sun,0,0,0,0,0,0,0,0,0
2025-04-14,Mon,0,12,0,0,0,4,0,0,8
2025-04-15,Tue,0,12,0,0,0,4,0,0,8
2025-04-16,Wed,0,12,0,0,0,4,0,0,8
2025-04-17,Thu,0,12,0,0,0,4,0,0,8
2025-04-18,Fri,0,12,0,0,0,4,0,0,8
2025-04-19,Sat,0,0,0,0,0,0,0,0,0
2025-04-20,Sun,0,0,0,0,0,0,0,0,0
2025-04-21,Mon,0,12,0,0,0,4,0,0,8
2025-04-22,Tue,0,12,0,0,0,4,0,0,8
2025-04-23,Wed,0,12,0,0,0,4,0,0,8
2025-04-24,Thu,0,12,0,0,0,4,0,0,8
2025-04-25,Fri,0,12,0,0,0,4,0,0,8
2025-04-26,Sat,0,0,0,0,0,0,0,0,0
2025-04-27,Sun,0,0,0,0,0,0,0,0,0
2025-04-28,Mon,0,12,0,0,0,4,0,0,8
2025-04-29,Tue,0,12,0,0,0,4,0,0,8
2025-04-30,Wed,0,12,0,0,0,4,0,0,8
2025-05-01,Thu,0,0,0,0,0,4,0,0,8
2025-05-02,Fri,0,0,0,0,0,4,0,0,4
2025-05-03,Sat,0,0,0,0,0,0,0,0,0
2025-05-04,Sun,0,0,0,0,0,0,0,0,0
2025-05-05,Mon,0,0,0,0,0,4,0,0,4
2025-05-06,Tue,0,0,0,0,0,4,0,0,4
2025-05-07,Wed,0,0,0,0,0,4,0,0,4
2025-05-08,Thu,0,0,0,0,0,4,0,0,4
2025-05-09,Fri,0,0,0,0,0,4,0,0,4
2025-05-10,Sat,0,0,0,0,0,0,0,0,0
2025-05-11,Sun,0,0,0,0,0,0,0,0,0
2025-05-12,Mon,0,0,0,0,0,4,0,0,4
2025-05-13,Tue,0,0,0,0,0,4,0,0,4
2025-05-14,Wed,0,0,0,0,0,4,0,0,4
2025-05-15,Thu,0,0,0,0,0,4,0,0,4
2025-05-16,Fri,0,0,0,0,0,4,0,0,4
2025-05-17,Sat,0,0,0,0,0,0,0,0,0
2025-05-18,Sun,0,0,0,0,0,0,0,0,0
2025-05-19,Mon,0,0,0,0,0,4,0,0,4
2025-05-20,Tue,0,0,0,0,0,4,0,0,4
2025-05-21,Wed,0,0,0,0,0,4,0,0,4
2025-05-22,Thu,0,0,0,0,0,0,0,0,4
2025-05-23,Fri,0,0,0,0,0,0,0,0,4
2025-05-24,Sat,0,0,0,0,0,0,0,0,0
2025-05-25,Sun,0,0,0,0,0,0,0,0,0
2025-05-26,Mon,0,0,0,0,0,0,0,0,4
2025-05-27,Tue,0,0,0,0,0,0,0,0,4
2025-05-28,Wed,0,0,0,0,0,0,0,0,4
2025-05-29,Thu,0,0,0,0,0,0,0,0,4
2025-05-30,Fri,0,0,0,0,0,0,0,0,4
2025-05-31,Sat,0,0,0,0,0,0,0,0,0
2025-06-01,Sun,0,0,0,0,0,0,0,0,0
2025-06-02,Mon,0,0,0,0,8,0,0,0,4
2025-06-03,Tue,0,0,0,0,8,0,0,0,4
2025-06-04,Wed,0,0,0,0,8,0,0,0,4
2025-06-05,Thu,0,0,0,0,8,0,0,0,4
2025-06-06,Fri,0,0,0,0,8,0,0,0,4
2025-06-07,Sat,0,0,0,0,0,0,0,0,0
2025-06-08,Sun,0,0,0,0,0,0,0,0,0
2025-06-09,Mon,0,0,0,0,4,0,0,0,4
2025-06-10,Tue,0,0,0,0,4,0,0,0,4
2025-06-11,Wed,0,0,0,0,4,0,0,0,4
2025-06-12,Thu,0,0,0,0,4,0,0,0,4
2025-06-13,Fri,0,0,0,0,4,0,0,0,0
2025-06-14,Sat,0,0,0,0,0,0,0,0,0
2025-06-15,Sun,0,0,0,0,0,0,0,0,0
2025-06-16,Mon,0,0,0,0,4,0,0,0,0
2025-06-17,Tue,0,0,0,0,4,0,0,0,0
2025-06-18,Wed,0,0,0,0,4,0,0,0,0
2025-06-19,Thu,0,0,0,0,4,0,0,0,0
2025-06-20,Fri,0,0,0,0,4,0,0,0,0
2025-06-21,Sat,0,0,0,0,0,0,0,0,0
2025-06-22,Sun,0,0,0,0,0,0,0,0,0
2025-06-23,Mon,0,0,0,0,4,0,0,8,0
2025-06-24,Tue,0,0,0,0,4,0,0,8,0
2025-06-25,Wed,0,0,0,0,4,0,0,8,0
2025-06-26,Thu,0,0,0,0,4,0,0,8,0
2025-06-27,Fri,0,0,0,0,0,0,0,8,0
2025-06-28,Sat,0,0,0,0,0,0,0,0,0
2025-06-29,Sun,0,0,0,0,0,0,0,0,0
2025-06-30,Mon,0,0,0,0,0,0,0,8,0
2025-07-01,Tue,0,0,0,0,0,0,0,8,0
2025-07-02,Wed,0,0,0,0,0,0,0,8,0
2025-07-03,Thu,0,0,0,0,0,0,0,8,0
2025-07-04,Fri,0,0,0,0,0,0,0,8,0
2025-07-05,Sat,0,0,0,0,0,0,0,0,0
2025-07-06,Sun,0,0,0,0,0,0,0,0,0
2025-07-07,Mon,0,0,0,0,0,0,0,8,0
2025-07-08,Tue,0,0,0,0,0,0,0,8,0
2025-07-09,Wed,0,0,0,0,0,0,0,8,0
2025-07-10,Thu,0,0,0,0,0,0,0,8,0
2025-07-11,Fri,0,0,0,0,0,0,0,8,0
2025-07-12,Sat,0,0,0,0,0,0,0,0,0
2025-07-13,Sun,0,0,0,0,0,0,0,0,0
2025-07-14,Mon,0,0,0,0,0,0,0,8,0
2025-07-15,Tue,0,0,0,0,0,0,0,8,0
2025-07-16,Wed,0,0,0,0,0,0,0,8,0
2025-07-17,Thu,0,0,0,0,0,0,0,8,0
2025-07-18,Fri,0,0,0,0,0,0,0,8,0
